{
  "eye": {
    "orientation": [
      -0.41555535793304443,
      -0.6989952325820923,
      0.4917232096195221,
      0.31133222579956055
    ],
    "magnitude": 1,
    "position": [
      -306.691650390625,
      -120.8784408569336,
      -61.844017028808594
    ]
  },
  "radius": 793.2212524414062,
  "type": "PERSPECTIVE"
}